S.No,Name,Reg No,Department,Event Name,Date
1,Arun Kumar,23ECE001,Electronics & Communication,Spectrum 2026,15 Oct 2026
2,Priya Sundaram,23CSE014,Computer Science & Engg,Spectrum 2026,15 Oct 2026
3,Karthik Ramanathan,23EEE022,Electrical & Electronics,Spectrum 2026,15 Oct 2026
4,Sneha Venkatesh,23MECH008,Mechanical Engineering,Spectrum 2026,15 Oct 2026
5,Mohammed Farhan,23IT045,Information Technology,Spectrum 2026,15 Oct 2026
6,Ananya Deshmukh,23CIV019,Civil Engineering,Spectrum 2026,15 Oct 2026
7,Rahul Balakrishnan,23BIO012,Biotechnology,Spectrum 2026,15 Oct 2026
8,Deepika Natarajan,23CSE089,Computer Science & Engg,Spectrum 2026,15 Oct 2026
9,Venkateshwaran Subramaniam,23ECE077,Electronics & Communication,Spectrum 2026,15 Oct 2026
10,Divya Chandrasekaran,23AI031,Artificial Intelligence & Data Science,Spectrum 2026,15 Oct 2026
11,Aditya Verma,23ROB005,Robotics & Automation,Spectrum 2026,15 Oct 2026
12,Keerthana Murali,23CSE102,Computer Science & Engg,Spectrum 2026,15 Oct 2026
13,Siddharth Menon,23MECH042,Mechanical Engineering,Spectrum 2026,15 Oct 2026
14,Rithika Swaminathan,23ECE034,Electronics & Communication,Spectrum 2026,15 Oct 2026
15,Gowtham Rajendran,23IT088,Information Technology,Spectrum 2026,15 Oct 2026
